onset	duration	trial_type	value	sample	trial_id
4.04296875	n/a	0.0	1	1035	0.0
4.05078125	n/a	1.0	2	1037	n/a
4.05859375	n/a	0.0	1	1039	n/a
4.06640625	n/a	1.0	2	1041	n/a
4.078125	n/a	0.0	1	1044	n/a
4.0859375	n/a	1.0	2	1046	n/a
4.09375	n/a	1.0	2	1048	n/a
4.1015625	n/a	0.0	1	1050	n/a
4.109375	n/a	0.0	1	1052	n/a
4.1171875	n/a	1.0	2	1054	n/a
4.125	n/a	1.0	2	1056	n/a
4.1328125	n/a	0.0	1	1058	n/a
4.14453125	n/a	1.0	2	1061	n/a
4.15234375	n/a	1.0	2	1063	n/a
4.16015625	n/a	1.0	2	1065	n/a
4.16796875	n/a	0.0	1	1067	n/a
4.17578125	n/a	1.0	2	1069	n/a
4.18359375	n/a	1.0	2	1071	n/a
4.19140625	n/a	0.0	1	1073	n/a
4.203125	n/a	1.0	2	1076	n/a
4.2109375	n/a	0.0	1	1078	n/a
4.21875	n/a	0.0	1	1080	n/a
4.2265625	n/a	1.0	2	1082	n/a
4.234375	n/a	0.0	1	1084	n/a
4.2421875	n/a	0.0	1	1086	n/a
4.25	n/a	1.0	2	1088	n/a
4.2578125	n/a	1.0	2	1090	n/a
4.26953125	n/a	1.0	2	1093	n/a
4.27734375	n/a	0.0	1	1095	n/a
4.28515625	n/a	0.0	1	1097	n/a
4.29296875	n/a	0.0	1	1099	n/a
4.30078125	n/a	1.0	2	1101	n/a
4.30859375	n/a	0.0	1	1103	n/a
4.31640625	n/a	1.0	2	1105	n/a
4.328125	n/a	1.0	2	1108	n/a
4.3359375	n/a	1.0	2	1110	n/a
4.34375	n/a	1.0	2	1112	n/a
4.3515625	n/a	0.0	1	1114	n/a
4.359375	n/a	0.0	1	1116	n/a
4.3671875	n/a	1.0	2	1118	n/a
4.375	n/a	0.0	1	1120	n/a
4.3828125	n/a	1.0	2	1122	n/a
4.39453125	n/a	0.0	1	1125	n/a
4.40234375	n/a	0.0	1	1127	n/a
4.41015625	n/a	0.0	1	1129	n/a
4.41796875	n/a	1.0	2	1131	n/a
4.42578125	n/a	1.0	2	1133	n/a
4.43359375	n/a	0.0	1	1135	n/a
4.44140625	n/a	0.0	1	1137	n/a
4.453125	n/a	0.0	1	1140	n/a
4.4609375	n/a	0.0	1	1142	n/a
4.46875	n/a	1.0	2	1144	n/a
4.4765625	n/a	0.0	1	1146	n/a
4.484375	n/a	0.0	1	1148	n/a
4.4921875	n/a	0.0	1	1150	n/a
4.5	n/a	0.0	1	1152	n/a
4.5078125	n/a	0.0	1	1154	n/a
4.51953125	n/a	1.0	2	1157	n/a
4.52734375	n/a	1.0	2	1159	n/a
4.53515625	n/a	1.0	2	1161	n/a
4.54296875	n/a	1.0	2	1163	n/a
4.55078125	n/a	1.0	2	1165	n/a
4.55859375	n/a	1.0	2	1167	n/a
12.29296875	n/a	0.0	1	3147	1.0
12.30078125	n/a	1.0	2	3149	n/a
12.30859375	n/a	0.0	1	3151	n/a
12.31640625	n/a	1.0	2	3153	n/a
12.328125	n/a	0.0	1	3156	n/a
12.3359375	n/a	1.0	2	3158	n/a
12.34375	n/a	1.0	2	3160	n/a
12.3515625	n/a	0.0	1	3162	n/a
12.359375	n/a	0.0	1	3164	n/a
12.3671875	n/a	1.0	2	3166	n/a
12.375	n/a	1.0	2	3168	n/a
12.3828125	n/a	0.0	1	3170	n/a
12.39453125	n/a	1.0	2	3173	n/a
12.40234375	n/a	1.0	2	3175	n/a
12.41015625	n/a	1.0	2	3177	n/a
12.41796875	n/a	0.0	1	3179	n/a
12.42578125	n/a	1.0	2	3181	n/a
12.43359375	n/a	1.0	2	3183	n/a
12.44140625	n/a	0.0	1	3185	n/a
12.453125	n/a	1.0	2	3188	n/a
12.4609375	n/a	0.0	1	3190	n/a
12.46875	n/a	0.0	1	3192	n/a
12.4765625	n/a	1.0	2	3194	n/a
12.484375	n/a	0.0	1	3196	n/a
12.4921875	n/a	0.0	1	3198	n/a
12.5	n/a	1.0	2	3200	n/a
12.5078125	n/a	1.0	2	3202	n/a
12.51953125	n/a	1.0	2	3205	n/a
12.52734375	n/a	0.0	1	3207	n/a
12.53515625	n/a	0.0	1	3209	n/a
12.54296875	n/a	0.0	1	3211	n/a
12.55078125	n/a	1.0	2	3213	n/a
12.55859375	n/a	0.0	1	3215	n/a
12.56640625	n/a	1.0	2	3217	n/a
12.578125	n/a	1.0	2	3220	n/a
12.5859375	n/a	1.0	2	3222	n/a
12.59375	n/a	1.0	2	3224	n/a
12.6015625	n/a	0.0	1	3226	n/a
12.609375	n/a	0.0	1	3228	n/a
12.6171875	n/a	1.0	2	3230	n/a
12.625	n/a	0.0	1	3232	n/a
12.6328125	n/a	1.0	2	3234	n/a
12.64453125	n/a	0.0	1	3237	n/a
12.65234375	n/a	0.0	1	3239	n/a
12.66015625	n/a	0.0	1	3241	n/a
12.66796875	n/a	1.0	2	3243	n/a
12.67578125	n/a	1.0	2	3245	n/a
12.68359375	n/a	0.0	1	3247	n/a
12.69140625	n/a	0.0	1	3249	n/a
12.703125	n/a	0.0	1	3252	n/a
12.7109375	n/a	0.0	1	3254	n/a
12.71875	n/a	1.0	2	3256	n/a
12.7265625	n/a	0.0	1	3258	n/a
12.734375	n/a	0.0	1	3260	n/a
12.7421875	n/a	0.0	1	3262	n/a
12.75	n/a	0.0	1	3264	n/a
12.7578125	n/a	0.0	1	3266	n/a
12.76953125	n/a	1.0	2	3269	n/a
12.77734375	n/a	1.0	2	3271	n/a
12.78515625	n/a	1.0	2	3273	n/a
12.79296875	n/a	1.0	2	3275	n/a
12.80078125	n/a	1.0	2	3277	n/a
12.80859375	n/a	1.0	2	3279	n/a
20.5546875	n/a	0.0	1	5262	2.0
20.5625	n/a	1.0	2	5264	n/a
20.5703125	n/a	0.0	1	5266	n/a
20.578125	n/a	1.0	2	5268	n/a
20.58984375	n/a	0.0	1	5271	n/a
20.59765625	n/a	1.0	2	5273	n/a
20.60546875	n/a	1.0	2	5275	n/a
20.61328125	n/a	0.0	1	5277	n/a
20.62109375	n/a	0.0	1	5279	n/a
20.62890625	n/a	1.0	2	5281	n/a
20.63671875	n/a	1.0	2	5283	n/a
20.64453125	n/a	0.0	1	5285	n/a
20.65625	n/a	1.0	2	5288	n/a
20.6640625	n/a	1.0	2	5290	n/a
20.671875	n/a	1.0	2	5292	n/a
20.6796875	n/a	0.0	1	5294	n/a
20.6875	n/a	1.0	2	5296	n/a
20.6953125	n/a	1.0	2	5298	n/a
20.703125	n/a	0.0	1	5300	n/a
20.71484375	n/a	1.0	2	5303	n/a
20.72265625	n/a	0.0	1	5305	n/a
20.73046875	n/a	0.0	1	5307	n/a
20.73828125	n/a	1.0	2	5309	n/a
20.74609375	n/a	0.0	1	5311	n/a
20.75390625	n/a	0.0	1	5313	n/a
20.76171875	n/a	1.0	2	5315	n/a
20.76953125	n/a	1.0	2	5317	n/a
20.78125	n/a	1.0	2	5320	n/a
20.7890625	n/a	0.0	1	5322	n/a
20.796875	n/a	0.0	1	5324	n/a
20.8046875	n/a	0.0	1	5326	n/a
20.8125	n/a	1.0	2	5328	n/a
20.8203125	n/a	0.0	1	5330	n/a
20.828125	n/a	1.0	2	5332	n/a
20.83984375	n/a	1.0	2	5335	n/a
20.84765625	n/a	1.0	2	5337	n/a
20.85546875	n/a	1.0	2	5339	n/a
20.86328125	n/a	0.0	1	5341	n/a
20.87109375	n/a	0.0	1	5343	n/a
20.87890625	n/a	1.0	2	5345	n/a
20.88671875	n/a	0.0	1	5347	n/a
20.89453125	n/a	1.0	2	5349	n/a
20.90625	n/a	0.0	1	5352	n/a
20.9140625	n/a	0.0	1	5354	n/a
20.921875	n/a	0.0	1	5356	n/a
20.9296875	n/a	1.0	2	5358	n/a
20.9375	n/a	1.0	2	5360	n/a
20.9453125	n/a	0.0	1	5362	n/a
20.953125	n/a	0.0	1	5364	n/a
20.96484375	n/a	0.0	1	5367	n/a
20.97265625	n/a	0.0	1	5369	n/a
20.98046875	n/a	1.0	2	5371	n/a
20.98828125	n/a	0.0	1	5373	n/a
20.99609375	n/a	0.0	1	5375	n/a
21.00390625	n/a	0.0	1	5377	n/a
21.01171875	n/a	0.0	1	5379	n/a
21.01953125	n/a	0.0	1	5381	n/a
21.03125	n/a	1.0	2	5384	n/a
21.0390625	n/a	1.0	2	5386	n/a
21.046875	n/a	1.0	2	5388	n/a
21.0546875	n/a	1.0	2	5390	n/a
21.0625	n/a	1.0	2	5392	n/a
21.0703125	n/a	1.0	2	5394	n/a
28.8125	n/a	0.0	1	7376	3.0
28.8203125	n/a	1.0	2	7378	n/a
28.828125	n/a	0.0	1	7380	n/a
28.8359375	n/a	1.0	2	7382	n/a
28.84765625	n/a	0.0	1	7385	n/a
28.85546875	n/a	1.0	2	7387	n/a
28.86328125	n/a	1.0	2	7389	n/a
28.87109375	n/a	0.0	1	7391	n/a
28.87890625	n/a	0.0	1	7393	n/a
28.88671875	n/a	1.0	2	7395	n/a
28.89453125	n/a	1.0	2	7397	n/a
28.90234375	n/a	0.0	1	7399	n/a
28.9140625	n/a	1.0	2	7402	n/a
28.921875	n/a	1.0	2	7404	n/a
28.9296875	n/a	1.0	2	7406	n/a
28.9375	n/a	0.0	1	7408	n/a
28.9453125	n/a	1.0	2	7410	n/a
28.953125	n/a	1.0	2	7412	n/a
28.9609375	n/a	0.0	1	7414	n/a
28.97265625	n/a	1.0	2	7417	n/a
28.98046875	n/a	0.0	1	7419	n/a
28.98828125	n/a	0.0	1	7421	n/a
28.99609375	n/a	1.0	2	7423	n/a
29.00390625	n/a	0.0	1	7425	n/a
29.01171875	n/a	0.0	1	7427	n/a
29.01953125	n/a	1.0	2	7429	n/a
29.02734375	n/a	1.0	2	7431	n/a
29.0390625	n/a	1.0	2	7434	n/a
29.046875	n/a	0.0	1	7436	n/a
29.0546875	n/a	0.0	1	7438	n/a
29.0625	n/a	0.0	1	7440	n/a
29.0703125	n/a	1.0	2	7442	n/a
29.078125	n/a	0.0	1	7444	n/a
29.0859375	n/a	1.0	2	7446	n/a
29.09765625	n/a	1.0	2	7449	n/a
29.10546875	n/a	1.0	2	7451	n/a
29.11328125	n/a	1.0	2	7453	n/a
29.12109375	n/a	0.0	1	7455	n/a
29.12890625	n/a	0.0	1	7457	n/a
29.13671875	n/a	1.0	2	7459	n/a
29.14453125	n/a	0.0	1	7461	n/a
29.15234375	n/a	1.0	2	7463	n/a
29.1640625	n/a	0.0	1	7466	n/a
29.171875	n/a	0.0	1	7468	n/a
29.1796875	n/a	0.0	1	7470	n/a
29.1875	n/a	1.0	2	7472	n/a
29.1953125	n/a	1.0	2	7474	n/a
29.203125	n/a	0.0	1	7476	n/a
29.2109375	n/a	0.0	1	7478	n/a
29.22265625	n/a	0.0	1	7481	n/a
29.23046875	n/a	0.0	1	7483	n/a
29.23828125	n/a	1.0	2	7485	n/a
29.24609375	n/a	0.0	1	7487	n/a
29.25390625	n/a	0.0	1	7489	n/a
29.26171875	n/a	0.0	1	7491	n/a
29.26953125	n/a	0.0	1	7493	n/a
29.27734375	n/a	0.0	1	7495	n/a
29.2890625	n/a	1.0	2	7498	n/a
29.296875	n/a	1.0	2	7500	n/a
29.3046875	n/a	1.0	2	7502	n/a
29.3125	n/a	1.0	2	7504	n/a
29.3203125	n/a	1.0	2	7506	n/a
29.328125	n/a	1.0	2	7508	n/a
37.07421875	n/a	0.0	1	9491	4.0
37.08203125	n/a	1.0	2	9493	n/a
37.08984375	n/a	0.0	1	9495	n/a
37.09765625	n/a	1.0	2	9497	n/a
37.109375	n/a	0.0	1	9500	n/a
37.1171875	n/a	1.0	2	9502	n/a
37.125	n/a	1.0	2	9504	n/a
37.1328125	n/a	0.0	1	9506	n/a
37.140625	n/a	0.0	1	9508	n/a
37.1484375	n/a	1.0	2	9510	n/a
37.15625	n/a	1.0	2	9512	n/a
37.1640625	n/a	0.0	1	9514	n/a
37.17578125	n/a	1.0	2	9517	n/a
37.18359375	n/a	1.0	2	9519	n/a
37.19140625	n/a	1.0	2	9521	n/a
37.19921875	n/a	0.0	1	9523	n/a
37.20703125	n/a	1.0	2	9525	n/a
37.21484375	n/a	1.0	2	9527	n/a
37.22265625	n/a	0.0	1	9529	n/a
37.234375	n/a	1.0	2	9532	n/a
37.2421875	n/a	0.0	1	9534	n/a
37.25	n/a	0.0	1	9536	n/a
37.2578125	n/a	1.0	2	9538	n/a
37.265625	n/a	0.0	1	9540	n/a
37.2734375	n/a	0.0	1	9542	n/a
37.28125	n/a	1.0	2	9544	n/a
37.2890625	n/a	1.0	2	9546	n/a
37.30078125	n/a	1.0	2	9549	n/a
37.30859375	n/a	0.0	1	9551	n/a
37.31640625	n/a	0.0	1	9553	n/a
37.32421875	n/a	0.0	1	9555	n/a
37.33203125	n/a	1.0	2	9557	n/a
37.33984375	n/a	0.0	1	9559	n/a
37.34765625	n/a	1.0	2	9561	n/a
37.359375	n/a	1.0	2	9564	n/a
37.3671875	n/a	1.0	2	9566	n/a
37.375	n/a	1.0	2	9568	n/a
37.3828125	n/a	0.0	1	9570	n/a
37.390625	n/a	0.0	1	9572	n/a
37.3984375	n/a	1.0	2	9574	n/a
37.40625	n/a	0.0	1	9576	n/a
37.4140625	n/a	1.0	2	9578	n/a
37.42578125	n/a	0.0	1	9581	n/a
37.43359375	n/a	0.0	1	9583	n/a
37.44140625	n/a	0.0	1	9585	n/a
37.44921875	n/a	1.0	2	9587	n/a
37.45703125	n/a	1.0	2	9589	n/a
37.46484375	n/a	0.0	1	9591	n/a
37.47265625	n/a	0.0	1	9593	n/a
37.484375	n/a	0.0	1	9596	n/a
37.4921875	n/a	0.0	1	9598	n/a
37.5	n/a	1.0	2	9600	n/a
37.5078125	n/a	0.0	1	9602	n/a
37.515625	n/a	0.0	1	9604	n/a
37.5234375	n/a	0.0	1	9606	n/a
37.53125	n/a	0.0	1	9608	n/a
37.5390625	n/a	0.0	1	9610	n/a
37.55078125	n/a	1.0	2	9613	n/a
37.55859375	n/a	1.0	2	9615	n/a
37.56640625	n/a	1.0	2	9617	n/a
37.57421875	n/a	1.0	2	9619	n/a
37.58203125	n/a	1.0	2	9621	n/a
37.58984375	n/a	1.0	2	9623	n/a
